{
  "n_active": 697,
  "min_pIC50": 2.6066831358277547,
  "max_pIC50": 6.83348794928637,
  "mean_pIC50": 5.7982344725741815,
  "median_pIC50": 5.870876595854336,
  "min_IC50_nM": 146.7276800036648,
  "max_IC50_nM": 2473528.189602622,
  "note": "IC50[nM] = 10**(9 - pIC50); higher pIC50 => lower IC50."
}