{
  "top_n": 50,
  "pearson_r": -0.022747519354921527,
  "spearman_rho": 0.1376565751600701,
  "slope": -0.010027087486997746,
  "intercept": 5.4006620300691095,
  "n_points": 50
}