{
  "accuracy": 0.8896210873146623,
  "precision": 0.9149425287356322,
  "recall": 0.9299065420560748,
  "f1": 0.9223638470451911,
  "roc_auc": 0.9419868950033939,
  "pr_auc": 0.973764645712815
}