{
  "accuracy": 0.8962108731466227,
  "precision": 0.9028697571743929,
  "recall": 0.955607476635514,
  "f1": 0.9284903518728718,
  "roc_auc": 0.9496358272855427,
  "pr_auc": 0.973043564856123
}