{
  "rmse": 1.1297068487068131,
  "mae": 0.7192054437968622,
  "r2": 0.4265225248946828
}