{
  "rmse": 1.1037063419455482,
  "mae": 0.6438875440918775,
  "r2": 0.45261622884014496
}